{"cameraMode":{"drawMode":0,"name":"Shaded","section":"Shading Mode"},"sceneLighting":false,"audioPlay":false,"sceneViewState":{"showFog":true,"showMaterialUpdate":true,"showSkybox":false,"showFlares":true,"showImageEffects":true,"showParticleSystems":true},"in2DMode":false,"pivot":{"x":104.80250549316406,"y":331.01007080078127,"z":-126.39892578125},"rotation":{"x":0.09911929816007614,"y":-0.021478425711393358,"z":0.0021422759164124729,"w":0.994841456413269},"size":461.1291809082031,"orthographic":false}